product_colour,generic_colour
Aegean Blue,Blue
Agate Green,Green
Alder Brown,Brown
Amaranth Purple,Purple
Amazon Green,Green
Animal,Animal Print
Apricot Ivory,Pink
Aqua,Blue
Aruba Green,Green
Atlantic Blue,Blue
Aubergine,Purple
Azure Blue,Blue
Bay Green,Green
Beet Red,Red
Begonia Red,Red
Beige,Beige
Beige Multi,Beige
Beige Suede,Beige
Berry,Red
Berry Purple,Purple
Black,Black
Black Blue,Black
Black Camel,Black
Black Cream,Black
Black Gold,Black
Black Green,Black
Black Grey,Black
Black Ivory,Black
Black Kyanite,Black
Black Multi,Black
Black Pearl,Black
Black Pink,Black
Black Raspberry,Black
Black Red,Black
Black Rhubarb,Black
Black Silver,Black
Black Stone,Black
Black Vicuna,Black
Black White,Black
Blue,Blue
Blue Burgundy,Blue
Blue Cream,Blue
Blue Gold,Blue
Blue Hobbs Navy,Navy
Blue Ivory,Blue
Blue Marl,Blue
Blue Multi,Blue
Blue Red,Blue
Blue Red Grey,Blue
Blue Skies,Blue
Blue White,Blue
Blush,Pink
Blush Pink,Pink
Bordeaux,Red
Bramble,Purple
Bramble Purple,Purple
Bright Geranium,Green
Bright Pink,Pink
Bright Sky Blue,Blue
Bright Yellow,Yellow
Brown,Brown
Brown Green,Green
Brown Ivory,Brown
Brown Multi,Brown
Brulee Multi,Brown
Buff Grey,Grey
Burgundy,Red
Burgundy Ivory,Red
Burnt Orange,Orange
Buttercream,White
Buttercream Blk,White
Buttercream Mul,White
Cadmium Green,Green
Camel,Brown
Camel Black,Brown
Camel Ivory,Brown
Camel Multi,Brown
Candy Marl,Pink
Carnation Pink,Pink
Celadon Blue,Blue
Celeste Blue,Blue
Cerise Pink,Pink
Chalk Beige,Beige
Champagne,Gold
Charcoal,Grey
Charcoal Grey,Grey
Charcoal Ivory,Grey
Charcoal Multi,Grey
Chartreuse Navy,Navy
Cherry Pink,Pink
Cherry Red,Red
Cherry Red Mlt,Red
Chocolate,Brown
Chocolate Brown,Brown
Cilantro Green,Green
Citrine Green,Green
Classic Vicuna,Brown
Clay Red Ivory,Red
Cobalt,Blue
Cobalt Blue,Blue
Cobalt Multi,Blue
Cocoa Brown,Brown
Coral Red Ivory,Red
Cornflower Blue,Blue
Cosmos Pink,Pink
Cranberry,Red
Cranberry Multi,Red
Cranberry Pink,Pink
Cranberry Red,Red
Cream,White
Cream Black,White
Cream Blue,Blue
Cream Camel,Brown
Cream Green,Green
Cream Midnight,White
Cream Multi,White
Cream Navy,Navy
Cream Pink,Pink
Cream Red Multi,Red
Crystal Blue,Blue
Currant Red,Red
Current Red,Red
Dahlia Purple,Purple
Dark Berry,Red
Dark Blue Ivory,Blue
Dark Brown,Brown
Dark Charcoal,Grey
Dark Coral,Pink
Dark Fern Green,Green
Dark Green,Green
Dark Grey Marl,Grey
Dark Ivy Green,Green
Dark Khaki,Green
Dark Midnight,Blue
Dark Olive,Green
Dark Pecan,Brown
Dark Raspberry,Red
Dark Red,Red
Dark Tan,Brown
Deep Apricot,Pink
Deep Aqua Green,Green
Deep Blue,Blue
Deep Blue Cream,Blue
Deep Blue Ivory,Blue
Deep Brown,Brown
Deep Cherry Red,Red
Deep Fuchsia,Pink
Deep Jade Blue,Blue
Deep Orange,Orange
Deep Pine Green,Green
Deep Pink,Pink
Deep Plum,Purple
Deep Purple,Purple
Deep Red,Red
Deep Sky Blue,Blue
Deep Teal Blue,Blue
Deep Vermillion,Red
Dusky Blue,Blue
Dusky Pink,Pink
Dusky Sage,Green
Dusted Pink,Pink
Dusted Purple,Purple
Dusty Rose,Pink
Eclipse Blue,Blue
Ecru Raspberry,Red
Egyptian Blue,Blue
Electric Blue,Blue
Evergreen,Green
Fawn,Brown
Fawn Beige,Beige
Field Green,Green
Fiesta Pink,Pink
Fjord Blue,Blue
Flame Red,Red
Floral Multi,Floral
Florentine Pink,Pink
Foliage Green,Green
Forest Green,Green
French Blue,Blue
Fresh Green,Green
Fresh Ivory,White
Fuchsia Multi,Pink
Fuchsia Pink,Pink
Garnet Red,Red
Geo Bramble,Purple
Geranium Pink,Pink
Gold,Gold
Gold Ivory,Gold
Gold Multi,Gold
Golden Yellow,Yellow
Grape Purple,Purple
Green,Green
Green Black,Green
Green Buttercrm,Green
Green Cream,Green
Green Ivory,Green
Green Marl,Green
Green Multi,Green
Green Navy,Navy
Green Navy Blue,Navy
Green Orange,Green
Green Pink,Green
Green Warm Clay,Green
Grey,Grey
Grey Black,Grey
Grey Blue,Blue
Grey Ivory,Grey
Grey Marl,Grey
Grey Multi,Grey
Hawthorn Green,Green
Hibiscus Red,Red
Hobbs Black,Black
Hobbs Camel,Brown
Hobbs Ivory,White
Hobbs Midnight,Blue
Hobbs Navy,Navy
Hobbs Navy Mult,Navy
Hobbs White,White
Holly Green,Green
Hot Magenta,Red
Hot Pink,Pink
Hyacinth Purple,Purple
Hydrangea Blue,Blue
Ice Blue,Blue
Imperial Blue,Blue
Indigo,Blue
Indigo Purple,Purple
Ink Blue,Blue
Ivory,White
Ivory Black,White
Ivory Blue,White
Ivory Brown,White
Ivory Green,White
Ivory Grey,White
Ivory Midnight,White
Ivory Multi,White
Ivory Navy,Navy
Ivory Pink,White
Ivory Plum,White
Ivory Red,White
Ivory Silver,White
Jade Green,Green
Jam Pink,Pink
Kelp Green,Green
Khaki Green,Green
Kyanite,Blue
Kyanite Blue,Blue
Kyanite Green,Green
Lagoon Blue,Blue
Lagoon Green,Green
Lapis Blue,Blue
Laurel Green,Green
Leopard,Animal Print
Light Beige,Beige
Light Blue,Blue
Light Camel,Brown
Light Green,Green
Light Indigo,Blue
Light Olive,Green
Light Wash,Blue
Lime,Green
Lime Green,Green
Lobelia Blue,Blue
Lush Green,Green
Lyons Blue,Blue
Magenta Pink,Pink
Magenta Purple,Purple
Mahogany Red,Red
Malachite Green,Green
Malbec,Red
Malbec Multi,Red
Malbec Purple,Purple
Maroon Purple,Purple
Meadow Green,Green
Medlar Brown,Brown
Metallic,Silver
Mid Blue,Blue
Mid Grey Marl,Grey
Mid Olive Ivory,Green
Mid Wash,Blue
Midnight,Blue
Midnight Blue,Blue
Midnight Ivory,Navy
Midnight Multi,Blue
Midnight Navy,Navy
Midnight Pink,Pink
Milky White,White
Mineral Blue,Blue
Mink,Brown
Mocha,Brown
Moss Green,Green
Mulberry,Red
Mulberry Purple,Purple
Multi,Multi-Coloured
Multi Damask,Multi-Coloured
Multi Spot,Multi-Coloured
Muscari Blue,Blue
Natural,Beige
Natural Black,Black
Natural Navy,Navy
Natural Tan,Beige
Navy,Navy
Navy Aegean,Navy
Navy Blue,Navy
Navy Blue Cream,Navy
Navy Blue Multi,Navy
Navy Burgundy,Navy
Navy Buttrcream,Navy
Navy Camel,Navy
Navy Cream,Navy
Navy Damask,Navy
Navy Fuchsia,Navy
Navy Green,Navy
Navy Ivory,Navy
Navy Multi,Navy
Navy Ochre,Navy
Navy Orange,Navy
Navy Pale Pink,Navy
Navy Pink,Navy
Navy Pink Multi,Navy
Navy Raspberry,Navy
Navy Twilight,Navy
Navy Velvet,Navy
Navy Warm Ivory,Navy
Navy Yellow,Navy
Neutral,Beige
New Blue,Blue
New Green,Green
New Neutral,Beige
Nude,Beige
Oatmeal,Beige
Oatmeal Marl,Beige
Ocean Green,Green
Ochre,Yellow
Ochre Multi,Yellow
Olive,Green
Olive Green,Green
Olive Ivory,Green
Olive White,Green
Orange,Orange
Orange Navy,Navy
Orchard Green,Green
Oregano Green,Green
Oxblood,Red
Oyster,White
Oyster Multi,White
Pale Blue,Blue
Pale Blue Multi,Blue
Pale Blue Navy,Navy
Pale Blue White,Blue
Pale Gold,Gold
Pale Grey,Grey
Pale Grey Marl,Grey
Pale Lemon,Yellow
Pale Pink,Pink
Pale Pink Black,Pink
Pale Pink Multi,Pink
Pale Yellow,Yellow
Palm Green,Green
Party Pink,Pink
Pastel Yellow,Yellow
Pea Green,Green
Pecan,Brown
Peony Pink,Pink
Pewter,Silver
Pine Green,Green
Pink,Pink
Pink Black,Pink
Pink Blck,Pink
Pink Cream,Pink
Pink Ivory,Pink
Pink Marl,Pink
Pink Multi,Pink
Pink Navy,Navy
Pink Navy Multi,Navy
Pink Peach,Pink
Pink Red Multi,Red
Pink Ruby Red,Red
Pink White,Pink
Plum Multi,Purple
Plum Pink,Pink
Pomegranate,Purple
Pomegranate Red,Red
Powder Blue,Blue
Purple Multi,Purple
Purple Navy,Navy
Raspberry,Red
Raspberry Multi,Red
Raspberry Pink,Pink
Red,Red
Red Azure Blue,Blue
Red Black,Red
Red Buttercream,Red
Red Ivory,Red
Red Multi,Red
Red Navy,Navy
Red Pink,Red
Regal Blue,Blue
Regal Purple,Purple
Regatta Blue,Blue
Rhubarb,Red
Rhubarb Red,Red
Rich Berry Red,Red
Rich Blue,Blue
Rich Cobalt,Blue
Rich Green,Green
Rich Navy Blue,Navy
Rich Navy Cream,Navy
Rich Sage Green,Green
Riverside Blue,Blue
Rouge Pink,Pink
Rowan Red,Red
Royal Blue,Blue
Sage Green,Green
Sage Multi,Green
Sage White,Green
Samphire Green,Green
Sand,Brown
Sangria Red,Red
Sapphire Pink,Pink
Scarlet Red,Red
Shadow Multi,Grey
Shore Blue,Blue
Silver,Silver
Silver Gold,Silver
Silver Grey,Grey
Silver Metallic,Silver
Smoke,Grey
Soft Grey,Grey
Soft Petal Pink,Pink
Soft Sage Green,Green
Spice Brown,Brown
Steel Blue,Blue
Stone,Grey
Stone Blue,Blue
Tan,Beige
Tan Brown,Brown
Taupe,Beige
Teal Blue,Blue
Toffee,Brown
Toffee Black,Brown
Topaz Orange,Orange
True Navy,Navy
True Navy Green,Navy
True Red,Red
Tulip Pink,Pink
Twilight Blue,Blue
Ultramarine,Blue
Verdant Green,Green
Verdent Green,Green
Vermillion Red,Red
Vibrant Purple,Purple
Vibrant Red,Red
Vicuna,Brown
Vicuna Camel,Brown
Viridian Green,Green
Warm Beige,Beige
Warm Camel,Brown
Warm Ivory,White
Warm Ivory Navy,Navy
Warm Neutral,Beige
Warm Pink,Pink
Warm Plum,Purple
White,White
White Aruba,White
White Blue,Blue
White Flame Red,Red
White Gold,White
White Green,Green
White Multi,White
White Navy,Navy
White Plum,White
White Red,Red
White Red Navy,Navy
White Yellow,White
Wild Berry Pink,Pink
Wildflower Red,Red
Wine,Red
Wine Red,Red
Yellow,Yellow
Yellow Multi,Yellow
Zinnia Multi,Multi-Coloured
Zinnia Pink,Pink
Acid Wash,Blue
Black and White,Black and White
Black/Multi,Black
Black/White,Black
Blue/Multi,Blue
Blue/White,Blue
Bronze,Bronze
Brown/Multi,Brown
BURGUNDY/MULTI,Red
Butter,Yellow
Clear,Clear
Coral,Pink
Coral/Multi,Pink
Cream/Multi,White
Dark Blue,Blue
Dark Denim,Blue
Dark Grey,Grey
Dark Pink,Pink
Denim,Blue
Dusty Pink,Pink
Fuchsia,Pink
Gold/Multi,Gold
Green/Multi,Green
Grey/Multi,Grey
Ivory/Multi,White
Khaki,Green
Khaki/Multi,Green
Lemon,Yellow
Leopard Print,Animal Print
Light Wash (Old),Blue
Lilac,Purple
Lilac/Multi,Purple
Mint,Green
Multicolour,Multi-Coloured
Navy/Multi,Blue
Orange/Multi,Orange
Pale Denim,Blue
Pale Green,Green
Peach,Pink
Pink/Multi,Pink
Plum,Purple
Purple,Purple
Purple/Multi,Purple
Red/Multi,Red
Rose,Pink
Rust,Brown
Snake Print,Animal Print
Solid Black,Black
Teal,Blue
Teal/Multi,Blue
Tobacco,Brown
Turquoise,Blue
Washed Black,Black
White/Multi,White
Yellow/Multi,Yellow
Multi-Coloured,Multi-Coloured
Navy/Ivory,Blue
Antique Rose,Pink
Black/Ivory,Black
Eau De Nil,Blue
Rose Gold,Gold
Latte,Brown
Jade,Green
Magenta,Purple
Petrol,Blue
Mineral,Grey
Black/Gold,Black
Cameo,Pink
Airforce/Ivory,Blue
Winter White,White
Cornflower,Blue
Black/Camel,Black
Violet,Purple
Emerald,Green
Pine,Green
Port,Red
Lipstick,Red
Peppermint,Blue
Ballet Pink,Pink
Almond,Brown
Almond/Silver,Brown
AMBER,Yellow
Amber/Black,Yellow
Amethyst,Purple
Antique Cream,White
Antique Rose/Black,Pink
Antique Rose/Ivory,Pink
Antique Rose/Wine,Pink
Apple Green,Green
Apple Green/Ivory,Green
Apple Multi,Green
Apricot,Yellow
Aqua/Multi,Blue
Aqua/White,Blue
Aquamarine,Blue
Aquamarine/Ecru,Blue
Aquamarine/Ivory,Blue
Arctic Blue,Blue
Arctic Blue/Pink,Blue
Azure,Blue
Azure Blue/Cream,Blue
Ballet Pink/Multi,Pink
Bergamot And Lemon Zest,Orange
Berry/Black,Red
Berry/Ivory,Red
Black Commit,Black
Black Pomegranate,Black
Black/Antique,Black
Black/Blue,Black
Black/Blush,Black
Black/Bronze,Black
Black/Burgandy,Black
Black/Cappucino,Black
Black/Charcoal,Black
Black/Chartreuse,Black
Black/Chocolate,Black
Black/Cobalt,Black
Black/Cream,Black
Black/Ecru,Black
Black/Evergreen,Black
Black/Floral,Black
Black/Forest,Black
Black/Green,Black
Black/Grey,Black
Black/Gunmetal,Black
Black/Hot Pink,Black
Black/Juniper,Black
Black/Midnight,Black
Black/Natural,Black
Black/Navy,Black
Black/Neutral,Black
Black/Nude,Black
Black/Oyster,Black
Black/Petal,Black
Black/Petrol,Black
Black/Pewter,Black
Black/Pink,Black
Black/Plum,Black
Black/Port,Black
Black/Purple,Black
Black/Putty,Black
Black/Raspberry,Black
Black/Red,Black
Black/Red/Stone,Black
Black/Rose Gold,Black
Black/Sapphire,Black
Black/Scarlet,Black
Black/Silver,Black
Black/Spice,Black
Black/Stone,Black
Black/Tan,Black
Black/Yellow,Black
Blackberry,Black
Blackcurrant,Black
Blonde,Yellow
Blossom,Pink
Blue Opal,Blue
Blue/Black,Blue
BLUE/CAMEL/PINK,Blue
Blue/Chocolate,Blue
Blue/Cream,Blue
Blue/Green,Blue
Blue/Ivory,Blue
Blue/Orange,Blue
Blue/Pink,Blue
Bluebell,Blue
Blues,Blue
Blues/Orange,Blue
Candy Pink,Pink
Blush/ Multi,Pink
Blush/Black,Pink
Bottle Green,Green
Candy Pink / Grass Green,Pink
Brick Red/Black,Red
Bright Apricot,Yellow
Bright Blue,Blue
Bright Green,Green
Bright Jade,Green
Bright Lapis,Blue
Bright Lavender,Purple
Bright Lipstick,Red
Bright Multi,Multi-Coloured
Bright Orange,Orange
Bright Plum,Purple
Bright Purple,Purple
Bright Red,Red
Burgundy/Pink,Pink
Burgundy/Purple,Red
Burnt Orange/ Ivory,Orange
Buttermilk,White
Buttermilk/Multi,White
Cactus Green,Green
Camel/Black,Brown
Camel/Ivory,Brown
Dusty pink/ navy,Pink
Cameo Pink,Pink
Cameo/Ivory,Blue
Cameo/Rose Gold,Blue
Canary,Yellow
Canary Yellow,Yellow
Candy,Pink
Capri Blue,Blue
Caramel,Brown
Dusty Pink/Ivory,Pink
Carbon,Black
Flamingo Pink,Pink
Carbon/Ivory,Black
Carbon/Multi,Black
Carbon/White,Black
Carmine,Red
Cerulean,Blue
Cerulean/Almond,Blue
Cerulean/Almond/Canary,Blue
Cerulean/Canary,Blue
Chambray,Blue
CHAMBRAY BLUE,Blue
Charcoal Marl,Grey
Charcoal/Black,Grey
Charcoal/Ivory,Grey
Charcoal/Pink,Grey
Chartreuse,Green
Fluoro Pink,Pink
Chaurtreuse/Ivory,Green
Cherry/Multi,Red
Fluro Pink,Pink
CHESTNUT,Brown
Chilli Red,Red
China Blue,Blue
Chocolate/Ivory,Brown
Cinnamon,Brown
Citrine,Yellow
Citrine/Black,Yellow
Claret,Red
Clay,Grey
Cobalt/Black,Blue
Cobalt/Grey/Black,Blue
Cobalt/Ivory,Blue
Cobalt/Malachite,Blue
Cobalt/Multi,Blue
Cobalt/Navy,Blue
Cobalt/Red,Blue
Cobalt/White,Blue
Conker,Brown
Coral Reef,Pink
Coral/Cream,Pink
Coral/Ivory,Pink
Cosmetic,Pink
Cream/Black,White
Cream/Cobalt,White
Cream/Grey,White
Cream/Lipstick,White
Crimson,Red
Crocus,Purple
Cucumber Rose,Green
Damson,Purple
Dark Camel,Brown
Dark Green/Light Green,Green
Dark Indigo,Purple
Dark Multi,Multi-Coloured
Dark Plum,Purple
Dark Teal,Blue
Dark Wash,Blue
Deadly Nightshade,Purple
Deep Ocean,Blue
Deep Violet,Purple
Duck Egg,Blue
Duck Egg/Silver,Blue
Dusty Blue,Blue
Eau De Nil/Ivory,Green
Eau De Nil/Multi,Green
Ecru,Grey
Electric Blue/Fuchsia,Blue
Electric Blue/Ivory,Blue
Electric Purple,Purple
Emerald Green,Green
Emerald/Jewel,Green
Emerald/Orchid,Green
ESPRESSO,Brown
Espresso/Nude,Brown
Ever Green,Green
Fiery Red,Red
Fire,Red
Fire Red,Red
Fire/Ivory,Red
Fire/Multi,Red
FIRE/PINK,Pink
Flint Melange,Grey
Light Pink,Pink
Fluoro Orange,Orange
Forest,Green
Forest/ Gold,Green
Forest/Almond,Green
Forest/Multi,Green
Forest/Pearl,Green
Foxglove Blue,Blue
French Navy,Blue
French Navy / Multi,Blue
Frosted Heather,Purple
Fuchsia/Red,Pink
Fuschia,Pink
Fushcia,Pink
Galactic Green,Green
Garnet,Red
Geum,Orange
GINGER,Brown
Gold Plated,Gold
Lobster Pink,Pink
Grape,Green
Luxe Pink,Pink
Grape/Coral,Green
Graphite,Grey
Grass Green,Green
Grass Green/Multi,Green
Green/Black,Green
Green/Blue,Green
Green/Ivory,Green
Green/Neutral,Green
Green/Pink,Green
Green/Purple,Green
Green/Stone,Green
Green/White,Green
Grey/ Dye,Grey
Grey/Black,Grey
Grey/Blue,Grey
Grey/Ivory,Grey
Grey/Navy,Grey
Grey/Neutral,Grey
Grey/Pink,Grey
Grey/Silver,Grey
Grey/Stone,Grey
Grey/White,Grey
Grey/Yellow,Grey
Gunmetal,Grey
Hot Coral,Pink
Indigo/Ivory,Purple
Indigo/Multi,Purple
Ink,Blue
Ink/Multi,Blue
Ink/Spice,Blue
Intense Orange,Orange
Iris,Blue
Navy/Pink,Blue
Ivory/ Antique Rose,White
Ivory/ Ballet Pink,White
Ivory/Antique Rose,White
Ivory/Apple Green,White
Ivory/Black,White
Ivory/Blossom,White
Ivory/Blue,White
Ivory/Blush,White
Ivory/Camel,White
Ivory/Cameo,White
Ivory/Canary,White
Ivory/Carmine,White
Ivory/Cobalt,White
Ivory/Daffodil,White
Ivory/Duck Egg,White
Ivory/Dusty Pink,White
Ivory/Fire,White
Ivory/Green,White
Ivory/Green/Black,White
Neon Pink,Pink
Ivory/Grey,White
Ivory/Latte,White
Ivory/Lipstick,White
Ivory/Midnight,White
Ivory/Mineral,White
Ivory/Misty Mauve,White
Ivory/Natural,White
Ivory/Navy,White
Ivory/Pale Blue,White
Ivory/Peppermint,White
Ivory/Petal,White
Ivory/Petrol,White
Ivory/Pink,White
Ivory/Plum,White
Ivory/Red,White
Ivory/Rose,White
Ivory/Stone,White
Ochre/Pink,Brown
Ivory/Taupe,White
Ivory/Yellow,White
Ivy Green,Green
Orange/Pink,Orange
Pale Pink/Ivory,Pink
Jade/Gold,Green
Jade/Multi,Green
Jewel Green,Green
Khaki/Black,Green
Pale Pink/Pink,Pink
Khaki/Blue,Green
Khaki/Ivory,Green
Pale Pink/Silver,Pink
Khaki/White,Green
Kingfisher,Blue
Kingfisher/Ivory,Blue
Lapis,Blue
Petal Pink,Pink
Lapis/Hot Pink,Blue
Lapis/Lime,Blue
Latte/Cream,Brown
Pink Champagne,Pink
Latte/Ivory,Brown
Latte/Multi,Brown
Pink Tulip,Pink
Latte/Navy,Brown
Pink/Blue,Pink
Latte/Oyster,Brown
Lavender,Purple
Lavender/ Multi,Purple
Lichen,Green
Light Cornflower,Blue
Light Denim,Blue
Light Grey,Grey
Light Tan,Brown
Lime Zest,Green
Lime/Multi,Green
Limeade,Green
Lipstick/Cream,Red
Lipstick/Pale Blue,Red
Madiera,Brown
Magenta/Orchid,Purple
Malachite,Green
Malachite/Multi,Green
Mauve,Purple
Pink/Cobalt,Pink
Mauve Chalk,Purple
Pink/Cream,Pink
Merlot,Purple
Merlot/Black,Purple
Mid Grey,Grey
Mid Wash Blue,Blue
Midnight/Blue,Blue
Midnight/Pewter,Blue
Midnight/Stone,Blue
Mineral Multi,Grey
Mineral/ Ivory,Grey
Mineral/Silver,Grey
Mink/Taupe,Brown
Mink/Twilight,Brown
Mist Grey,Grey
Misty Mauve,Purple
Misty Mauve/Silver,Purple
Mixed Plate,Brown
Mocha/Black,Brown
MOCHA/MULTI,Brown
Moss,Green
Moss Green/Ivory,Green
Multi/ Brights,Multi-Coloured
Multi/Navy,Multi-Coloured
Multi/Pink,Multi-Coloured
Mushroom,Brown
Mustard,Yellow
Natural/Ivory,White
Navy Marl,Blue
Navy/ Ballet Pink,Blue
Navy/Black,Blue
Navy/Blush,Blue
Navy/Buttermilk,Blue
Navy/Camel,Blue
Pink/Green,Pink
Navy/Cameo,Blue
Navy/Chestnut,Blue
Navy/Cobalt,Blue
Navy/Gold,Blue
Navy/Green,Blue
Navy/Grey,Blue
Navy/Kingfisher,Blue
Navy/Lilac,Blue
Navy/Lime,Blue
Navy/Magenta,Blue
Pink/Grey,Pink
Navy/Nude,Blue
Navy/Oatmeal,Blue
Navy/Orange,Blue
Navy/Oyster,Blue
Navy/Port,Blue
Navy/Purple,Blue
Navy/Red,Blue
Navy/Silver,Blue
Navy/Stone,Blue
Navy/Taupe,Blue
Navy/White,Blue
Nectar,Orange
Neutral/ Black,White
Nightshade,Purple
Nightshade Violet,Purple
Ocean,Blue
OCEAN/ CORAL,Pink
Ochre/Blue/White,Brown
Ochre/White,Brown
Pink/Ivory,Pink
Pink/Navy,Pink
Off White,White
Old Rose,Pink
Olive/Black,Green
Opal,Blue
Orange Fizz,Orange
Orange/Black,Orange
Orange/Blue,Orange
Pink/Orange,Pink
Orange/Burgundy,Orange
Orange/Cream,Orange
Orchid,Pink
Pink/Red,Pink
Orchid/Black,Pink
Oyster/Black,White
Oyster/Multi,White
Oyster/Navy,White
PALE APPLE,Green
Pale Apricot,Yellow
Pale Cream,White
Pale Lavender,Purple
Pale Mint,Green
Pale Petal/ Multi,Pink
Pale Sage,Green
Paprika,Pink
Parchment,White
Pastels/Multi,Multi-Coloured
Peacock,Blue
Peacock Green,Green
Peacock Multi,Blue
Pearl,White
Pearl/Forest,White
Pearl/Gold,White
Pink/Silver,Pink
Pebble,Grey
Peony,Pink
Peppermint/Multi,Pink
Perussian Blue/Cameo,Blue
Perussian Blue/Taupe,Blue
Pink/White,Pink
Petal,Pink
Petal/Bordeaux,Pink
Petrol/Multi,Blue
Pine/Multi,Green
Pine/Pearl,Green
Pineapple,Yellow
Pistachio,Green
Pitch Blue/White,Blue
Pool Green,Green
Pop Blue,Blue
Poppy,Red
Porcelian,White
Pout,Pink
Powder,Pink
Powder Blue/Ivory,Blue
Praline/Cream,White
Prussian Blue,Blue
Pinks,Pink
Purple/Ivory,Purple
Purple/Orange,Purple
Putty,Brown
Putty White,White
Rainforest,Green
Red/Black,Red
Red/Ivory,Red
Powder Pink,Pink
Red/Nude,Red
Red/Purple,Red
Red/White,Red
Rose Taupe,Pink
Rose/Quartz,Pink
Rosewood,Brown
Rouge,Red
Ruby,Red
Rumba Red,Red
Rust Spice,Red
Rust/Ivory,Red
Saffron,Orange
Sage,Green
Sage/Multi,Green
Sangria,Red
Powder Pink/Green,Pink
Sapphire,Blue
Sapphire Blue,Blue
Scarlet,Red
Scarlet/Cream,Red
Sea Salt And Wood Sage,Red
Seafoam Green,Green
Seafoam/Multi,Green
Shamrock,Green
Sherbet,Yellow
Silver Marl,Silver
Powder Pink/Navy,Pink
Silver/Black,Silver
Silver/Blue,Silver
Silver/Rose,Silver
Sky,Blue
Sky Blue,Blue
Sky Blue/Multi,Blue
Sky/ Multi,Blue
Sky/Multi,Blue
Slate,Grey
Slate/Ivory,Grey
Smoke/Ivory,Grey
Smoke/Pale Cameo,Grey
Smokey Blue,Blue
Purple/Pink,Purple
Red/Pink,Red
Smokey Lavender,Grey
Snake,Animal Print
Snow,White
SNOW WASH BLUE,Blue
Soft Blue,Blue
soft gold,Gold
Soft Lilac,Purple
Soft Rose,Pink
Soft Sage,Green
Spearmint,Green
Spice,Red
Spice/Ink,Red
Rose Pink,Pink
Shell Pink,Pink
Smoke/Powder Pink,Grey
Soft Pink,Pink
Stone/Black,Grey
Stone/Blue,Grey
Stone/Ivory,Grey
Soft Pink / Multi,Pink
Stone/Multi,Grey
Soft Pink/ Blue,Pink
Stone/Navy,Grey
Stone/Silver,Grey
Stone/White,Grey
Sunset/Multi,Orange
Tan/Ivory,Brown
Tangerine,Orange
Tangerine/White,Orange
Tango Red,Red
Taupe/Ivory,Brown
Taupe/Oyster,Brown
Teal/Black,Blue
Teal/Ivory,Blue
Teal/Stone,Blue
Terracotta,Red
Tomato,Red
TOPAZ,Blue
TRUFFLE,Brown
Ultra Violet,Purple
Ultra-Violet,Purple
Vanilla,White
Vermilion Red,Red
Stone/Pale pink,Grey
Vermillion,Red
Vermillion/multi,Red
Violet/Cream,Purple
Violet/Lilac,Purple
Violet/Multi,Purple
Violet/Pewter,Purple
Warm White,White
Watermelon,Red
White/Black,White
White/Blue,White
White/Blue/Red,White
White/Citrine,White
White/Grey,White
WHITE/LILAC,White
White/soft blue,White
White/Stone,White
Wine/Mulberry,Red
Wine/Multi,Red
Yellow/Black,Yellow
White/Pink,White
Yellow/Blue/Green,Yellow
Yellow/Orange,Yellow
Yellow/Red,Yellow
Yellow/White,Yellow
Allium Blue,Blue
Amethyst Green,Green
Antique Blue,Blue
Asphalt,Black
Azalea Pink,Pink
Azure Blu Ivry,Blue
Azure Ivory,Blue
Bark Ivory,Brown
Berry Pink,Red
Berry Red,Red
Beryl Black,Black
Beryl Red,Red
Birch Green,Green
Biscuit Ivory,Beige
Bitter Choc Iry,Brown
Black Brown,Black
Black Burgundy,Black
Black Cerise,Black
Black Cobalt,Black
Black Neutral,Black
Black Ochre,Black
Black Tan,Black
Blue Brown,Blue
Blue Green,Blue
Blue Yellow,Blue
Bordeaux Red,Red
Brandy Snap Blu,Brown
Brick/Navy,Red
Bright Navy,Blue
Bright White,White
Burgundy Black,Red
Buttercream Red,White
Buttercrm Beige,Beige
Camel Cream,Beige
Candy Pink / Grass G,Pink
Cappuccino,Brown
Cerise Black,Pink
Cerulean/Almond/Cana,Blue
Chalk Multi,White
Chestnut Brown,Brown
Chive Green,Green
Chocolate Multi,Brown
Cinnamon Brown,Brown
Citron,Yellow
Clay Red,Red
Clematis Blue,Blue
Cobalt White,Blue
Copper,Brown
Coral Red,Red
Cow Parsley,White
CRANBERRY,Red
Dark Mid Wash,Navy
Dark Navy Multi,Blue
Dark Pine Green,Green
Dark Sage,Green
Dark Sage Green,Green
Deep Berry Red,Red
Deep Blue Multi,Blue
Deep Coral,Pink
Deep Lake Green,Green
Deep Teal Multi,Blue
Deep Turquoise,Green
Dusky Blue Ivry,Blue
Ecru Navy,Beige
Electrc Blu Blk,Blue
Fawn Marl,Brown
Fern Green,Green
Firebrick Red,Red
Floral,Multi-Coloured
Frappe,Brown
French Navy Mlt,Blue
Future Purple,Purple
Gold Blue,Blue
Gold Chartreuse,Gold
Gold Green,Green
Granita Pink,Pink
Grapefruit,Pink
Green White,Green
Hobbs Navy Blue,Blue
Icy Pink,Pink
Imperial Multi,Multi-Coloured
Ivory Fuchsia,White
Ivory Hobbsnavy,White
Ivory Leopard,White
Ivory Lime,White
Ivory Rse Qrtz,White
Jade Blue Navy,Blue
Jewel Purple,Purple
Kingfisher Blue,Blue
Lavender Purple,Purple
Leaf Green,Green
Lemon Drop,Yellow
Lemon Zest,Yellow
Leopard Black,Animal Print
Light Berry Red,Red
Light Yellow,Yellow
Lime Green Ivry,Green
Magenta Green,Green
Magenta Ivory,Pink
Magenta White,Pink
Mandarin Red,Red
Maya Blue,Blue
Mazarine Blue,Blue
Mid Fern Green,Green
Midnight Cream,Blue
Midnight Purple,Blue
Midnight Red,Blue
Moons Green,Green
Mulberry Multi,Purple
Mulberry Red,Purple
Mullberry Red,Purple
Multi Grey,Multi-Coloured
Muted Blue,Blue
Myrtle Green,Green
Navy Azure Blue,Blue
Navy Berry Red,Blue
Navy Blue Ivory,Blue
Navy Cblt Ivory,Blue
Navy Oyster,Blue
Navy Pale Blue,Blue
Navy Red,Blue
Navy Silver,Blue
Navy White,Blue
Neutral Multi,Beige
Neutral Stripe,Beige
Nude/White,Beige
Oatmeal Black,Beige
Ocean Multi,Multi-Coloured
Onyx Red,Black
Onyx Red Multi,Black
Orchid Pink,Pink
Pastel Pink,Pink
Pea Green Multi,Green
Peacock Blue,Blue
Petrol Silver,Blue
Petunia Red,Purple
Pink Orange,Pink
Plum Purple Mul,Purple
Ponderosa Green,Green
Poppy Red,Red
Praline,Brown
Punch Pink,Pink
Quartz Blue,Blue
Raspberry Ivory,Pink
Raspberry Red,Red
Rich Burgundy,Red
Rich Vivid Blue,Blue
Rose Red,Red
Sage Green Mult,Green
Sage Green Pink,Green
Sea Green,Green
Sepia/White,Beige
Serene Blue,Blue
Serenity Blue,Blue
Shamrock Green,Green
Sienna Multi,Multi-Coloured
Soft Beige,Beige
Spring Pink,Pink
Stone Black,Black
Sun Yellow,Yellow
Tan Ivory,Brown
Tan Multi,Brown
Teal Multi,Blue
Thyme Green,Green
Verbena Yellow,Purple
Violet Ivory,Purple
Violet Pink,Purple
Viridian,Green
Warm Taupe,Beige
WASHED BLACK,Black
White Metallic,White
White Pink,White
White Sky Blue,Blue
Wine Multi,Red
Woodland Green,Green
Yellow Ivory,Yellow
Yellow Navy,Yellow
Yellow/Nude,Yellow
Yew Green,Green
Burgundy/Multi,Red
Ivory Olive,White
Sienna Orange,Red
Geranium Red,Red
Pink Blue,Pink
Neutral Black,Beige
White Black,White
Plum Brown,Purple
Oyster Gold,White
Pink Silver,Pink
Powder Blue Mlt,Blue
Red Rose Multi,Red
Nordic Blue,Blue
Dark Green/Light Gre,Green
Agave Green,Green
Amble Sand Tartan,Tartan
Ancient,Beige
Ancient Loden,Beige
Ancient Scroll,Beige
Ancient Tartan,Tartan
Anthracite,Grey
Anthracite Marl,Grey
Antique White,Grey
Arabesque,Pink
Arabesque Check,Pink
Arabesque/Brown,Pink
Arabesque/Classic,Pink
Aran,Beige
Archive Olive,Green
Archive Olive/Ancient Tartan,Tartan
Archive Olive/Olive/Beech,Green
Army Green,Green
Asphalt-Navy,Navy
Aubergine/Pollen,Purple
Barbour Tartan,Tartan
Bark,Brown
Bark/Classic,Brown
Bark-Muted,Brown
Bayleaf,Green
Beaufort Fur Liner,Brown
Beech,Brown
Beech/Ancient Tartan,Tartan
Beech-Classic,Brown
Beige/Antique White,Beige
Beige/Black,Beige
Beige/Dress,Beige
Beige/Dress Gordon,Beige
Beige/Muted Tartan,Tartan
Beige/Sky Dress Tartan,Tartan
Berwick Blue,Blue
Berwick Blue Tartan,Tartan
Biking Red,Red
Birch,Brown
Birch Multi,Brown
Birch/Gardenia,Brown
Bird Print,Animal Print
Biscuit,Brown
Bitter Chocolate,Brown
Black Carbon,Black
Black Cardinal,Black
Black Cherry,Black
Black Cherry/Dark Brown//Muted Tartan,Tartan
Black Cherry/Muted Tartan,Tartan
Black Deboss Tartan,Tartan
Black Fur,Black
Black Glace,Black
Black Nubuck,Black
Black Oak,Black
Black Oak/Classic,Black
Black Sand,Black
Black Stewart,Black
Black Suede,Black
Black Tartan Emboss,Tartan
Black Watch,Black
Black/Ancient,Black
Black/Ancient Tartan,Tartan
Black/Black,Black
Black/Black/Camel,Black
Black/Blaze/Cla,Black
Black/Cardinal,Black
Black/Classic,Black
Black/Classic Tartan,Tartan
Black/Coffee,Black
Black/Dusky Khaki,Black
Black/Envy Green,Black
Black/Jasmine,Black
Black/Jasmine Leopard Print,Black
Black/Light Blue Steel,Black
Black/Modern Tartan,Tartan
Black/Olive,Black
Black/Olive Check,Black
Black/Onyx Tartan,Tartan
Black/Safari Dress Tartan,Tartan
Black/Safari Tartan,Tartan
Black/Sage Check,Black
Black/Shadow,Black
Black/Vicuna,Black
Black/Whisper White,Black
Black-Ancient,Black
Black-Black,Black
Black-Black Sage Tartan,Tartan
Black-Chestnut Brown,Black
Black-Classic,Black
Black-Classic Tartan,Tartan
Black-Dress Tartan,Tartan
Black-Gardenia,Black
Black-Hessian Tartan,Tartan
Black-Modern,Black
Black-Olive,Black
Black-Oversize Modern Tartan,Tartan
Black-Pewter,Black
Blackwatch Tartan,Tartan
Black-Yellow,Black
Blanc,White
Bleached Blue,Blue
Bleached Olive,Green
Bleached Pine Tartan,Tartan
Blue Granite,Blue
Blue Sky,Blue
Blue Stone,Blue
Bluefin,Blue
Bluestone,Blue
Bone,White
Bracken,Brown
Bran,Brown
Bran Stripe,Brown
Bran/Black,Brown
Bran/Denim,Brown
Breen/Ancient Tartan,Tartan
Breen/Dress Tartan/Dusky Rose,Tartan
Breeze Blue,Blue
Breeze Blue Stripe,Blue
Breeze Blue/Cloud,Blue
Breeze Blue/White,Blue
Brick Red,Red
Brindle,Brown
British Khaki,Green
Bronze Brown,Brown
Brook Blue,Blue
Brown Fur,Brown
Brown Nubuck,Brown
Brown Suede,Brown
Brown/Camel,Brown
Brown/Classic,Brown
Brown/Navy,Brown
Brown/Olive,Brown
Brown/Orange Check,Brown
Brown/Orange Check/Hessian Tartan,Tartan
Brown-Classic,Brown
Brown-Classic Tartan,Tartan
Brown-Olive Plaid,Brown
Brown-Tartan,Tartan
Burnt Chocolate Brown,Brown
Burnt Heather,Pink
Burnt Henna,Brown
Burnt Henna Stripe,Brown
Burnt Olive,Green
Burnt Orange Stripe,Orange
Burnt Orange/Hessian Tartan,Tartan
Cabernet,Red
Camel Suede,Beige
Camel/Hessian Tartan,Tartan
Chalk,White
Chalk Marl,White
Chalk Pink,Pink
Chambray Blue,Blue
Chambray Stripe,Blue
Chambray/White,Blue
Chamoise,Brown
Charcoal Tartan,Tartan
Charcoal/Winter,Grey
Charcoal-Grey,Grey
Charcoal-Ochre,Grey
Chartruese Stripe,Yellow
Cherry Glace,Red
Chestnut,Brown
Choc,Brown
Choc Suede,Brown
Choc-Classic,Brown
Choco,Brown
Choco Suede,Brown
Chocolate-Praline,Brown
Chrome,Grey
Classic Black,Black
Classic black,Black
Classic Blue,Blue
Classic Brown,Brown
Classic Cream,White
Classic Green,Green
Classic Grey,Grey
Classic Mix,Multi-Coloured
Classic Navy,Navy
Classic Pink,Pink
Classic Red,Red
Classic Tartan,Tartan
Classic Tartan-Brown,Tartan
Classic Tort,Brown
Classic White,White
Classic Yellow,Yellow
Classic/Ancient,Beige
Classic/Beacon,Brown
Classic/Brown,Brown
Classic/Navy,Navy
Classic-Olive,Green
Cloud,White
Cloud Stripe,White
Cloud/Black Stripe,White
Cloud/Blue Sky,White
Cloud/Camel,White
Cloud/Hessian,White
Cloud/Kelly Green,White
Cloud/Light Grey Marl Stripe,White
Cloud/Navy,White
Cloud/Navy Stripe,White
Cloud-Navy,White
Coffee,Brown
Coffee Bean Brown,Brown
Coffee Suede,Brown
Cognac,Brown
Cognac Suede,Brown
Concrete,Grey
Concrete/Northshore,Grey
Concrete/Olive,Grey
Conrete,Grey
Cool Blue,Blue
Coral Sands,Beige
Coral Stripe,Pink
Cornstalk,Yellow
Cranberry Tartan,Tartan
Cumin,Brown
Cyrstal Pink/Moss,Pink
Dark Brown Suede,Brown
Dark Brown-Olive,Green
Dark Chambray,Blue
Dark Choc/Olive,Green
Dark Copper,Brown
Dark Ecru,Brown
Dark Ginger,Orange
Dark Grey Marl/Classic,Grey
Dark Grey Marl/Tartan Tbc,Tartan
Dark Honey,Yellow
Dark Moss,Green
Dark Moss/Classic,Green
Dark Navy,Navy
Dark Navy Stripe,Navy
Dark Navy/ Safari Dress Tartan,Tartan
Dark Navy/Blackwatch,Navy
Dark Navy/Dress Gordon,Navy
Dark Navy/Hessian Tartan,Tartan
Dark Navy/Light Sand,Navy
Dark Navy/Rosemary Tartan,Tartan
Dark Oak,Brown
Dark Olive-Classic,Green
Dark Olive-Olive,Green
Dark Rust,Brown
Dark Sand,Beige
Dark Seaweed,Green
Dark Slate,Grey
Dark Slate/Ancient,Grey
Dark Stone,Grey
Dark Tortoise,Brown
Deep Navy/Blackwatch,Navy
Deep Navy/Classic,Navy
Deep Navy/Dress Tartan,Tartan
Deep Olive,Green
Deep Pruce,Green
Derby Grey,Grey
Derby Tweed,Brown
Desert Suede,Beige
Dirty Khaki/Safari Dress Tartan,Tartan
Doeskin,Brown
Dog Print,Animal Print
Dove Grey,Grey
Dress Tartan,Tartan
Duck Print,Animal Print
Dundee Tartan,Tartan
Dundee Tartan/Ancient,Tartan
Dune,Brown
Dusk Blue,Blue
Dusky Green,Green
Dusky Green Check,Green
Dusky Green Stripe,Green
Dusky Green/Ancient,Green
Dusky Green/Black,Green
Dusky Green/Breen/Ancient Tartan,Tartan
Dusky Green/Classic,Green
Dusky Green/Limeade,Green
Dusky Green/Rosemary Tartan,Tartan
Dusky Khaki,Green
Dusky Khaki/Jasmine,Green
Dusky Khaki/Jasmine Leopard Print,Green
Dusty Green,Green
Dusty Khaki,Green
Dusty Mint,Green
Earth Pink,Pink
Earth Pink Mix,Pink
Ecru Marl,Beige
Ecru/Black,Beige
Ecru/Navy,Beige
Ecru/Oatmeal,Beige
Ecru-Blue,Blue
Eggshell,White
Elderberry,Navy
Empire Green,Green
Envy,Green
Envy Green,Green
Envy Green/Light Blue Steel,Green
Espresso Suede,Brown
Evergreen-Sandstone,Green
Federal Blue,Blue
Fern,Green
Fern Leaf/Sage/Light Sage,Green
Fern Leaf/Sage/Natural,Green
Fern/Ancient,Green
Fern/Ancient Tartan,Tartan
Fern/Beech,Green
Fern/Beech/Ancient Tartan,Tartan
Fern/Classic Tartan,Tartan
Fern/Rosemary,Green
Fern/Sage/Ancient Tartan,Tartan
Fern/Sage/Duffle Bag/Ancient Tartan,Tartan
Fired Brick,Red
Flame Orange,Orange
Fog,Blue
Forest Green Mix,Green
Forest Green-Classic,Green
Forest Mist,Green
Forest River,Green
Forest/Bronze Brown,Brown
Fossil,Grey
Fox Suede,Red
Fudge,Brown
Gardenia,White
Gardenia Tartan,Tartan
Gardenia-Gardenia,White
Glenmore Olive,Green
Glenmore Olive Tartan,Tartan
Gloss Silver Birch,Brown
Gold Metal,Gold
Golden Khaki,Green
Granite Green,Green
Green Gables,Green
Green Loch,Green
Green Loch Tartan,Tartan
Green Slate,Green
Green/Brown,Green
Green/Safari Dress Tartan,Tartan
Green-Brown,Green
Grey Herringbone,Grey
Grey Marl/Hessian Tartan,Tartan
Grey Marl-Hessian Tartan,Tartan
Grey Midnight,Grey
Grey Midnight Tartan,Tartan
Grey Mix,Grey
Grey Rose,Grey
Grey/Dress,Grey
Grey/Tartan Tbc,Tartan
Grey-Classic,Grey
Gun Metal,Grey
Harvest Gold,Gold
Hedge Green,Green
Heritage Blue,Blue
Heritage Brown,Brown
Heritage Cream,White
Heritage Lemon,Yellow
Hessian,Brown
Hessian Navy,Beige
Hessian Navy Tartan,Tartan
Hessian Tartan,Tartan
Hessian/Navy Tartan,Tartan
High Shine Black,Black
High Shine Silver,Silver
Highland Olive/Sand,Green
Honey,Yellow
Honey Gold,Gold
Honey/White,Yellow
Horizon Orange,Orange
Ice Blue Check,Blue
Ice Blue Stripe,Blue
Ice Blue/Dark Navy,Navy
Ice Water,Blue
Indigo Stripe,Purple
Indigo/Hessian Tartan,Tartan
Inky Blue,Blue
International Navy,Navy
Jasmine,White
Jasmine Leopard,White
Jasmine Leopard Print,White
Jasmine/Black,White
Jasmine/Burnished Gold,White
Jasmine/Dusky Khaki,Green
Java Red,Red
Kelly Green,Green
Kelly Green Stripe,Green
Kelly Green/White Stripe,Green
Khaki Brown/Ancient Tartan Green Rose,Tartan
Kielder Blue Tartan,Tartan
Lead,Grey
Leopard Print/Classic,Animal Print
Light Brown,Brown
Light Fawn,Brown
Light Gold,Gold
Light Grey Marl,Grey
Light Grey Melange,Grey
Light Honey,Yellow
Light Moss,Green
Light Muted Tartan,Tartan
Light Peach,Pink
Light Pearl,White
Light Pearl/Safari Dress Tartan,Tartan
Light Sage,Green
Light Sage/Black,Green
Light Sand,Beige
Light Sand Check,Beige
Light Sand Stripe,Beige
Light Sand/Ancient,Beige
Light Sand/Bran,Beige
Light Sand/Dress,Beige
Light Sand/Dress Stewart,Beige
Light Sand/Dusk,Beige
Light Sand/Rosemary Tartan,Tartan
Light Sand/Safari Dress Tartan,Tartan
Light Steel Blue,Blue
Light Steel Blue/Silver Birch,Blue
Light Steel/Silver Birch,Brown
Light Stone,Grey
Light Trench/Sky Dress Tartan,Tartan
Limeade Stripe,Green
Limeade/Light Sand,Beige
Linen White/Ancient,White
Mahogany,Brown
Mahogony/Choc Nubuck,Brown
Major Brown,Brown
Mallard Green,Green
Mandarin,Orange
Mandarin Orange,Orange
Manor Blue,Blue
Marine Blue,Blue
Medium Gold,Gold
Merlot/Muted Tartan,Tartan
Merlot/Rustic/Beech/Muted Tartan,Tartan
Mid Blue-Dog,Blue
Mid Brown,Brown
Mid Grey-Loden,Grey
Mid Grey-Red,Grey
Mid Olive,Green
Mid Olive-Dog,Green
Midnight Oak,Brown
Midnight Oak Mix,Brown
Midnight Oak Tartan,Tartan
Midnight Tartan,Tartan
Military Brown,Brown
Military Brown Stripe,Brown
Military Brown/Ancient,Brown
Military Brown/Ancient Tartan,Tartan
Military Brown/Black,Brown
Military Brown/Dress,Brown
Military Brown/Hessian Tartan,Tartan
Military Brown/Sky Dress Tartan,Tartan
Military Marl,Green
Military Olive,Green
Militry Brown/Black,Brown
Mineral Grey,Grey
Mist,Blue
Mist/Hessian Tartan,Tartan
Mist-Dress,Blue
Mixed Tartan,Tartan
Monochrome,Black and White
Monochrome Print,Black and White
Monochrome Tartan,Tartan
Moonscape,Black and White
Multi Check,Multi-Coloured
Multi Check Navy/Arabesque,Multi-Coloured
Multi Gingham,Multi-Coloured
Multi Stripe,Multi-Coloured
Mustard Check,Yellow
Muted Tartan,Tartan
Natural/Blanc,Beige
Natural/Camel/Black,Beige
Natural/Classic,Beige
Natural/Ecru,Beige
Natural/Navy,Beige
Navy Check,Navy
Navy Mix,Navy
Navy Pinstripe/Hessian,Navy
Navy Stripe,Navy
Navy Suede,Navy
Navy Winter Dress Tartan,Tartan
Navy/Arabesque Check,Navy
Navy/Basalt Blue,Navy
Navy/Blackwatch,Navy
Navy/Bleached Pine,Navy
Navy/Classic,Navy
Navy/Classic Tartan,Tartan
Navy/Dark Brown,Navy
Navy/Hessian,Navy
Navy/Northshore,Navy
Navy/Pine,Navy
Navy/Putty,Navy
Navy/Red/Forest,Navy
Navy/Rust,Navy
Navy/Safari,Navy
Navy/Salt Stripe,Navy
Navy/Sand Gingham,Navy
Navy/Sky Dress Tartan,Tartan
Navy/Tartan Tbc,Tartan
Navy/White Stripe,Navy
Navy-Classic,Navy
Navy-Cloud,Navy
Navy-Dark Ginger,Navy
Navy-Dress,Navy
Navy-Gardenia,Navy
Navy-Ginger,Navy
Navy-Grey,Navy
Navy-Grey Plaid,Navy
Navy-Hessian Tartan,Tartan
Navy-Merlot,Navy
Navy-Navy,Navy
Navy-Olive,Navy
Navy-Pale Pink,Navy
Navy-Pearl,Navy
Navy-Pheasant,Navy
Navy-Red-Stone,Navy
Navy-Sky Blue,Navy
Navy-White,Navy
Nero Navy,Navy
Neutral/Neutral,Beige
New Navy,Navy
New Sand,Beige
New Stone,Beige
Night Sky,Navy
Noah Madras Pink,Pink
North Blue Sea,Blue
North Sea Blue,Blue
Northshore Tartan,Tartan
Oak,Brown
Oat,Beige
Oat Stripe,Beige
Oat/Black,Beige
Oatmeal Stripe,Beige
Oatmeal/Ancient Tartan,Tartan
Ocean Sky,Blue
Oceana,Blue
Oceana/Bleached Pine Tartan,Tartan
Oiled Brown Suede,Brown
Oiled Olive Suede,Green
Olive / Tartan,Tartan
Olive Check,Green
Olive Check/Black,Green
Olive Check/Olive/Khaki Brown,Green
Olive Herringbone,Green
Olive Ink,Green
Olive Marl,Green
Olive Mix,Green
Olive Multi,Green
Olive Night,Green
Olive Nubuck,Green
Olive Twill,Green
Olive/Ancient,Green
Olive/Ancient Tartan,Tartan
Olive/Beacon,Green
Olive/Brown,Green
Olive/Classic,Green
Olive/Dark Brown,Green
Olive/Dark Moss/Ancient,Green
Olive/Dark Moss/Ancient Tartan,Tartan
Olive/Fired Brick,Green
Olive/Khaki,Green
Olive/Light Moss,Green
Olive/Sage,Green
Olive/Sand,Green
Olive-Ancient,Green
Olive-Black,Green
Olive-Blue-Red,Green
Olive-Brown,Green
Olive-Burnt Orange,Green
Olive-Classic,Green
Olive-Cranberry,Green
Olive-Gold,Green
Olive-Hessian Tartan,Tartan
Olive-Natural,Green
Olive-Olive,Green
Olive-Orange-Red,Green
Olive-Pale Pink,Green
Olive-Pearl,Green
Olive-Purple-Yellow,Green
Optic White,White
Pale Apple,Green
Pale Blue-Hessian Tartan,Tartan
Pale Camel,Beige
Pale Camel Stripe,Beige
Pale Camel/Hessian,Beige
Pale Mauve,Purple
Pale Sky,Blue
Pale Slate,Grey
Papaya,Pink
Papaya/Cloud,Pink
Papaya/White,Pink
Peach Parfait,Pink
Pearl Jaguar,Animal Print
Pigment Green/Breen,Green
Pigment Navy,Navy
Pigment White,White
Pink Blush,Pink
Pink Clay,Pink
Pink Mist,Pink
Pink Punch,Pink
Pink Punch/Cloud,Pink
Pink Salt,Pink
Pink Stripe,Pink
Pink/Hessian Tartan,Tartan
Pink-Grey Tartan,Tartan
Primrose Pink,Pink
Primrose Pink Stripe,Pink
Primrose Safari Dress Tartan,Tartan
Primrose Safari Tartan,Tartan
Quartz Pink,Pink
Rabbit,Animal Print
Racing Green,Green
Raspberry/Jasmine,Pink
Raw,Beige
Red Spice,Red
Red/Navy,Red
Red-Green-Navy,Red
Red-Khaki,Green
Red-Pheasant,Red
Redwood,Red
Rich Red,Red
Risk Red,Red
River Birch,Brown
River Birch Tartan,Tartan
River Blue,Blue
Riverstone,Grey
Riverstone Tartan,Tartan
Rose Quartz,Pink
Rosemary Tartan,Tartan
Royal Navy,Navy
Royal Navy/Ancient Tartan,Tartan
Royal Navy/Heritage Check,Navy
Ruby Marl,Red
Ruby Stripe,Red
Rust Brown,Brown
Rustic,Beige
Rustic Brown,Brown
Rustic/Ancient Tartan,Tartan
Rustic/Merlot,Beige
Rustic/Muted Tartan,Tartan
Rustic-Classic,Beige
Safari Dress Tartan,Tartan
Safari Dress Tartan/Mist,Tartan
Safari Tartan,Tartan
Sage/Ancient,Green
Sage/Classic,Green
Sage/Fushia,Green
Sage/Rustic/Ancient,Green
Sage/Shadow,Green
Sage/White,Green
Sage/Zeni Pink,Pink
Sage-Ancient,Green
Sage-Classic,Green
Sage-Dress,Green
Salt,White
Salt/Dusky Green,Green
Sand Beige Plaid,Beige
Sand Dune,Beige
Sand Dune-Classic,Beige
Sand/Ancient,Beige
Sand/Dress Black Floral,Beige
Sandsend Tartan,Tartan
Sandstone,Beige
Sapphire Navy,Blue
Scarlet/Dress Tartan,Tartan
Sea Haze Tartan,Tartan
Seagrass,Green
Seaweed,Green
Seaweed Mix,Green
Seaweed Salad/Ancient,Green
Seaweed Salad/Dress Gordon,Green
Shaded Mustard,Yellow
Shark Blue Suede,Blue
Silver Birch,Brown
Silver Birch/Silver Birch,Brown
Silver Cloud,Silver
Sky Micro Check,Blue
Slate Marl,Grey
Smokey Grey,Grey
Sports Blue,Blue
Starfish,Pink
Stone Check,Grey
Stone Marl,Grey
Stone/Ancient Tartan,Tartan
Stone/Navy Check,Grey
Stone-Navy,Grey
Storm Grey,Grey
Summer Pearl,White
Sun Bleached Yellow,Yellow
Sunray Yellow,Yellow
Sunray Yellow Stripe,Yellow
Sunset Haze,Orange
Tan-Black,Brown
Tan-Classic,Brown
Tartan Mix,Tartan
Taupe Nubuck,Brown
Taupe Suede,Brown
Taupe-Pink Tartan,Tartan
Tawny Port,Brown
Tayside Teal/Blackwatch,Blue
Teak,Brown
Thistle,Pink
Thyme,Green
Timberwolf,Grey
Timberwolf/Marigold,Grey
Toast,Brown
Toffee Suede,Brown
Tort,Brown
Trailing Floral,Floral
Transparent,Clear
True Pink,Pink
Ultimate Grey,Grey
Ultimate Grey/Shadow,Grey
Uniform Green,Green
Uniform Green/Bleached Pine,Green
Velvet Black,Black
Velvet Burgundy,Red
Vicuna Gingham Check,Beige
Vicuna/Hessian Tartan,Tartan
Vintage,Beige
Vintage Khaki,Green
Vintage Pink,Pink
Vintage Teal,Blue
Vintage Teal/Dress,Blue
Walnut,Brown
Washed Blue,Blue
Washed Cobalt,Blue
Washed Fern,Green
Washed Gunmetal,Grey
Washed Indigo,Blue
Washed Khaki,Green
Washed Raspberry,Pink
Washed Stone,Grey
Washed Stone/Classic,Grey
Whisper White,White
Whisper White/Brindle,White
White/Dusky Khaki,White
White/Gardenia,White
White/Hessian,White
White/Kelly Green,White
White/Navy,White
White/Slate,White
White-Black,White
White-Dress,White
White-Hessian Tartan,Tartan
White-Navy,White
Willow Green,Green
Winter Moss-Classic,Green
Winter Pearl-Classic,White
Winter Tartan,Tartan
Winterberry Tartan,Tartan
Woodland Print,Green
Yellow/Blackwatch,Yellow
